<?xml version="1.0" encoding="UTF-8" standalone="yes"?>
<addon id="plugin.video.wow" name="[COLORfffe9f2b][B]W[COLORwhite]atch [COLORfffe9f2b]O[COLORwhite]ver[COLORfffe9f2b]w[COLORwhite]atch[/B][/COLOR]" version="19.11.01" provider-name="MyPiDiaries">
    <requires>
        <import addon="xbmc.python" version="2.19.0" />
        <!--<import addon="script.module.universalscrapers" version="0.5.5"/>-->
        <import addon="script.module.python.koding.aio" version="0.9.6.6" />
        <import addon="script.module.beautifulsoup" version="3.2.1" />
        <import addon="script.module.requests" version="2.9.1" />
        <import addon="script.module.addon.common" version="2.0.0" />
        <import addon="script.module.xmltodict" version="0.9.0" />
        <!--<import addon="script.module.web-pdb" version="1.0"/>-->
        <import addon="script.module.resolveurl" />
        <import addon="plugin.video.youtube" version="6.2.2" />
        <import addon="plugin.video.twitch" version="2.1.1" />

    </requires>
    <extension point="xbmc.python.pluginsource" library="default.py">
        <provides>audio video</provides>
    </extension>
    <extension point="xbmc.service" library="service.py" start="[login|startup]" />
    <extension point="xbmc.addon.metadata">
      <summary lang="en">Watch Overwatch</summary>
      <summary lang="he"></summary>
      <description lang="en">One stop shop for the best of Overwatch</description>
      <description lang="he"></description>
      <disclaimer lang="en">The author of this addon do not host any of the content which is found and have no affiliation with any of the content providers. This addon simply searches websites for content. Use at your own risk!</disclaimer>
      <disclaimer lang="he">מחבר ההרחבה זה אינו מארח את התוכן שיתכן ויימצא ואין לו זיקה לאף אחד מספקי התוכן. הרחבה רק מחפשת תוכן שקיים באתרי אינטרנט. השימוש בהרחבה הוא על אחריותך בלבד!</disclaimer>
      <platform>all</platform>
        <website>https://pi-diaries.blogspot.co.uk/</website>
        <video_guide></video_guide>
    </extension>
</addon>
